{
    "architecture": "final_model",
    "normalization": {
        "calories": {
            "mean": 2692.023458251574,
            "std": 800.2711309719353
        },
        "carbs": {
            "mean": 275.9578538588171,
            "std": 101.33729081239795
        },
        "sugar": {
            "mean": 106.80579508588667,
            "std": 46.39295257028516
        },
        "sel": {
            "mean": 8.886007958665726,
            "std": 5.123178819550369
        },
        "alcool": {
            "mean": 11.398569588937788,
            "std": 27.90488997946767
        },
        "water": {
            "mean": 40.67473004158323,
            "std": 13.941654155753474
        },
        "sport": {
            "mean": 312.52421473214474,
            "std": 188.9584255978436
        },
        "pds": {
            "mean": 72.83174662650602
        }
    }
}