{
    "architecture": "final_model",
    "normalization": {
        "calories": {
            "mean": 2681.197214661225,
            "std": 812.1930712737189
        },
        "carbs": {
            "mean": 274.9934047705153,
            "std": 102.49385369066619
        },
        "sugar": {
            "mean": 105.4269929859002,
            "std": 45.88906236868479
        },
        "sel": {
            "mean": 8.95659134832154,
            "std": 5.21241667057297
        },
        "alcool": {
            "mean": 12.036657453967383,
            "std": 28.542677470916924
        },
        "water": {
            "mean": 41.15118536542665,
            "std": 14.012168647358566
        },
        "sport": {
            "mean": 317.72278778108665,
            "std": 190.59318361954556
        },
        "pds": {
            "mean": 72.62576297709923
        }
    }
}